{"cameraMode":{"drawMode":0,"name":"Shaded","section":"Shading Mode"},"sceneLighting":true,"audioPlay":false,"sceneViewState":{"m_AlwaysRefresh":false,"showFog":true,"showSkybox":true,"showFlares":true,"showImageEffects":true,"showParticleSystems":true,"showVisualEffectGraphs":true,"m_FxEnabled":true},"in2DMode":false,"pivot":{"x":0.08475430309772492,"y":1.161611795425415,"z":-8.331317901611329},"rotation":{"x":-0.06626015156507492,"y":-0.006887688301503658,"z":0.0004592883342411369,"w":-0.9977902770042419},"size":0.44716715812683108,"orthographic":false}